Title,Author,PublishedAt,Description,URL
Elon Musk Expands His Grudge Against OpenAI to Include Microsoft,Matthew Gault,2024-11-15T16:00:53Z,The new lawsuit includes a detailed list of the ways OpenAI CEO Sam Altman manipulated the world's richest man.,https://gizmodo.com/elon-musk-expands-his-grudge-against-openai-to-include-microsoft-2000525014
Which stocks are in the Magnificent 7?,Vinamrata Chaturvedi,2024-10-28T11:49:00Z,"The “Magnificent 7” refers to a group of seven high-performing tech stocks that drive much of the market’s growth, particularly during market rallies. These companies have significantly influenced stock market performance, accounting for a large share of the …",https://qz.com/magnificent-7-stocks-aapl-nvda-msft-goog-amzn-meta-tsla-1851681874
Trump's DOGE gift to Elon Musk is basically just a consulting gig,William Gavin,2024-11-13T13:37:00Z,Tesla (TSLA) and SpaceX CEO Elon Musk will be joined by Vivek Ramaswamy as “outside of government” consultants on federal spending for President-elect Donald Trump’s coming administration. Exactly what that means is still unclear.Read more...,https://qz.com/elon-musk-donald-trump-vivek-ramaswamy-doge-tesla-1851697130
"Coinbase, MicroStrategy and other crypto stocks are soaring after Trump's election win",Vinamrata Chaturvedi,2024-11-06T18:32:00Z,"The crypto community is celebrating President-elect Donald Trump’s election victory, and so are crypto stocks. Bitcoin reached an all-time high Tuesday night, crossing the $75,000 mark, and companies tied to the crypto, such as Coinbase, MicroStrategy, Marath…",https://qz.com/coinbase-microstrategy-tesla-crypto-stock-trump-1851690962
Xiaomi Billionaire Again Hikes EV Goals in Show of Confidence,Bloomberg News,2024-11-18T08:41:09Z,"(Bloomberg) -- Xiaomi Corp. is now aiming to deliver 130,000 electric vehicles in 2024, raising its target by more than 8% in a show of confidence in the...",https://finance.yahoo.com/news/xiaomi-billionaire-again-hikes-ev-084109667.html
Elon Musk Shines In 'Trump Sweepstakes:' A Big Win For Tesla? Dan Ives Thinks So - Tesla (NASDAQ:TSLA),benzinga.com,2024-11-08T09:33:16Z,"Wedbush Securities analyst Dan Ives predicts Tesla Inc TSLA could see significant gains under a potential second Donald Trump presidency, particularly in advancing its Full Self-Driving technology.
What Happened: Ives suggested Trump’s return to office could …",https://biztoc.com/x/368c8716d1229d18
Tesla sales in China plunge 5.3% in October,breakingthenews.net,2024-11-04T10:02:41Z,"Tesla Inc.'s sales of electric vehicles made in China stood at 68,280 units in October, dropping by 5.3% compared to the same month a year prior, the China Passenger Car Association (CPCA) revealed in...",https://biztoc.com/x/d7f8f2a4956d0f91
Tesla excluded from EV buyer credits in California proposal,fortune.com,2024-11-25T22:19:27Z,"Tesla Inc.’s electric vehicles would be shut out from consumer rebates under a proposal by California Governor Gavin Newsom, pitting the prospective Democratic presidential hopeful against Republican power player Elon Musk.
Newsom on Monday unveiled plans to …",https://biztoc.com/x/8703d8500c2c8e57
"The S&P 500 is about to have a big year, Goldman Sachs says — even without the 'Magnificent 7'",Vinamrata Chaturvedi,2024-11-19T20:11:00Z,"After Morgan Stanley’s (MS) bullish outlook, another financial giant has joined the optimistic chorus for the S&P 500 in 2025. What’s more, it expects the growth of the S&P 500 to occur without relying on the outperformance of the Magnificent Seven, marking a…",https://qz.com/goldman-sachs-s-p-500-magnificent-seven-1851703165
Tesla Shares Slide In Pre-Market As Sales Of Elon Musk-Led Company's Made-In-China EVs Drop In October,benzinga.com,2024-11-04T13:03:06Z,"Tesla Inc TSLA shares slid over 2% in pre-market trading on Monday after China Passenger Car Association (CPCA) data showed that its deliveries of China-made vehicles in October dropped 5.3% compared to the corresponding period last year.
What Happened: Tesla…",https://biztoc.com/x/90936f8b0ecbe055
"Cathie Wood Shuffles Her Tech Deck: Continues Dumping Tesla And Palantir, Stocks Up On AMD And Meta",Shivdeep Dhaliwal,2024-11-01T13:01:07Z,"On Wednesday, Cathie Wood-led Ark Invest made some significant trades, with the most notable ones involving Tesla Inc (TSLA), Advanced Micro Devices Inc (AMD...",https://finance.yahoo.com/news/cathie-wood-shuffles-her-tech-130107425.html
Lyft Soars on Earnings Outlook Bolstered by Record Trips,Curtis Heinzl,2024-11-07T09:41:39Z,"(Bloomberg) -- Lyft Inc. shares surged in premarket trading after issuing strong earnings guidance for both this quarter and the full year, signaling that...",https://finance.yahoo.com/news/lyft-soars-strong-earnings-outlook-211556445.html
Musk reportedly plans to spend election night with Trump,breakingthenews.net,2024-11-05T18:38:56Z,"Billionaire entrepreneur and SpaceX and Tesla Inc. CEO Elon Musk allegedly plans to spend the election night with former United States President Donald Trump, the New York Times reported, citing sourc...",https://biztoc.com/x/c306fd3a4d624c29
"Tesla’s $350 billion stock surge driven by ‘animal spirits,’ UBS says",Craig Trudell,2024-11-25T11:35:39Z,"(Bloomberg) -- Tesla Inc.’s post-election stock surge has more to do with market exuberance than actual improvement in the fundamentals of its business, UBS ...",https://finance.yahoo.com/news/tesla-350-billion-stock-surge-113539144.html
"Musk Spends $130M – Tesla Gains $344B On Trump Election, Stock Market Focusing On Trump Appointments",benzinga.com,2024-11-12T17:24:57Z,"To gain an edge, this is what you need to know today.
Incredible Gain
Please click here for an enlarged chart of Tesla Inc (NASDAQ:TSLA).
Note the following:
This article is about the big picture, not an individual stock. The chart of TSLA stock is being used…",https://biztoc.com/x/af298a158ba24fad
Shares of Elon Musk-owned Tesla roar back to trillion-dollar value on Trump’s win,bostonherald.com,2024-11-09T20:03:12Z,"A breakneck rally in Tesla Inc. shares on Friday catapulted the electric-vehicle maker’s market value back over the coveted trillion-dollar mark, as investors bet that Donald Trump’s return to the White House can be a positive force for Elon Musk’s company.
S…",https://biztoc.com/x/d2c8bf1fe42f702a
Tesla Rival Nio Reportedly Plans To Launch First Hybrid Car Exclusively Overseas By 2026,benzinga.com,2024-11-04T07:25:03Z,"Tesla’s Chinese rival Nio Inc. ADR (NYSE:NIO) is reportedly preparing to introduce its first hybrid vehicle in 2026, targeting international markets such as the Middle East, North Africa, and Europe.
What Happened: This strategic shift for Nio, traditionally …",https://biztoc.com/x/cb3f24062111f1ab
Tesla Shares Roar Back to Trillion-Dollar Value on Trump’s Win,finance.yahoo.com,2024-11-08T20:05:50Z,"In This Article:
(Bloomberg) -- A breakneck rally in Tesla Inc. shares on Friday catapulted the electric-vehicle maker’s market value back over the coveted trillion-dollar mark, as investors bet that Donald Trump’s return to the White House can be a positive …",https://biztoc.com/x/994272ea2937a458
"Elon Musk Says Amazon Founder Jeff Bezos Urged Tesla, SpaceX Investors To Dump Stakes, Predicting Trump's Loss",benzinga.com,2024-11-21T08:33:34Z,Tesla Inc. (NASDAQ:TSLA) and SpaceX CEO Elon Musk in his latest post alleged that Amazon founder and executive chairman Jeff Bezos predicted President-elect Donald Trump‘s defeat and advised people to sell their stakes in Musk’s companies before the election.…,https://biztoc.com/x/65fae45f6553e2cc
Tesla Faces Environmental Violations As Elon Musk's 'DOGE' Prepares For 'Garbage Collection Of Rules That Don't Make Sense:' Report,benzinga.com,2024-11-25T16:47:31Z,"A recent report revealed the environmental violations at Tesla Inc. TSLA’s Austin and Freemont plants amid Elon Musk being announced as the co-head of a new Department of Government Efficiency, dubbed “DOGE,” aimed at reducing regulations.
What Happened: Acco…",https://biztoc.com/x/f6d280cbcd961d76
Team Biden's Ban On China Tech Investments Could Impact Tesla's AI Plans: Report,benzinga.com,2024-10-29T13:22:50Z,"The United States has announced a ban on investments in China’s semiconductor and AI sectors, potentially affecting Tesla Inc. (NASDAQ:TSLA) and its operations in the region.
What Happened: The Biden administration will prohibit U.S. investments in China’s se…",https://biztoc.com/x/237a3339b37e9f71
Musk About to Find Out What $130 Million Gets Him...,Dana Hull,2024-11-06T15:52:37Z,"Musk About to Find Out What $130 Million Gets Him...

 
 
 
 (First column, 11th story, link)

 

 

 
 Related stories:GERMANS MOCK USA...
Americans in London feel 'lucky to live this side of the pond'...
Friends and Foes Brace for a New World...",https://finance.yahoo.com/news/musk-130-million-trump-gets-132950767.html
Electric Vehicles Confront A Manufacturing Reality: Mass Production,"Bill Koenig, Contributor, 
 Bill Koenig, Contributor
 https://www.forbes.com/sites/billkoenig/",2024-11-18T11:26:00Z,Expansion of electric vehicles must confront a manufacturing reality: mass production.,https://www.forbes.com/sites/billkoenig/2024/11/18/electric-vehicles-confront-a--manufacturing-reality-mass-production/
"Cathie Wood Bets Big On Mark Zuckerberg: Ark Pours $19M Into Meta Shares, Dumps Palantir And Tesla Stock",Shivdeep Dhaliwal,2024-11-01T06:40:38Z,"On Thursday, the Cathie Wood-led Ark Invest made significant moves in the market, with prominent trades involving Tesla Inc. (NASDAQ:TSLA), Meta Platforms...",https://finance.yahoo.com/news/cathie-wood-bets-big-mark-064038587.html
Tesla (TSLA) Stock: A Risky Bet on Future Promises?,Attiya Zainib,2024-11-03T21:54:18Z,"We recently published a list of Top 10 Trending AI Stocks to Watch in November. In this article, we are going to take a look at where Tesla Inc (NASDAQ:TSLA)...",https://finance.yahoo.com/news/tesla-tsla-stock-risky-bet-215418720.html
"S&P 500 Breaks 6,000 Points, Dow Soars Above 44,000, Small Caps Eye Strongest Week In 4 Years, Tesla Hits $1 Trillion: What's Driving Markets Friday?",Piero Cingari,2024-11-08T18:35:20Z,"The S&P 500 index surged past the 6,000-point milestone, setting fresh record highs, and small-cap stocks are poised for their best weekly performance since ...",https://finance.yahoo.com/news/p-500-breaks-6-000-183520285.html
Buffett’s Berkshire Is Being Packaged Into a Leveraged ETF,Miles Weiss and Youkyung Lee,2024-11-12T19:36:11Z,(Bloomberg) -- Warren Buffett created Berkshire Hathaway Inc.’s Class B shares almost 30 years ago to stymie money managers who sought to split the high...,https://finance.yahoo.com/news/buffett-berkshire-being-packaged-leveraged-193611168.html
Tesla modular home and phone,ERIC KIM,2024-11-09T15:22:15Z,"As of November 2024, Tesla has not officially announced or released a modular home or smartphone. However, there are related developments and collaborations worth noting: Modular Homes: • Boxabl Collaboration: Tesla CEO Elon Musk has shown interest in afforda…",https://erickimphotography.com/blog/2024/11/09/tesla-modular-home-and-phone/
"Tesla, Inc. (TSLA): Among ARK Invest’s Top Stock Picks for 2024",,2024-11-17T23:20:52Z,,https://consent.yahoo.com/v2/collectConsent?sessionId=1_cc-session_bc4c1003-877d-47a3-b87c-781e27bd9fae
"Is Tesla, Inc. (TSLA) the Best Stock to Buy and Hold for 5 Years?",,2024-11-09T19:08:03Z,,https://consent.yahoo.com/v2/collectConsent?sessionId=1_cc-session_c862a6f4-09b4-4ed9-a5ee-b19dadddc326
BYD closing in on Ford deliveries after besting Tesla on revenue,DIGITIMES,2024-11-11T08:36:06Z,"Fresh from besting Tesla Inc. on quarterly revenue for the first time as an electric vehicle company, BYD now has legacy automakers in its sight.",https://www.digitimes.com/news/a20241111VL205/byd-automakers-revenue-tesla-ford.html
"Tesla Stock Rally Steamrolls Shorts, Erasing Year’s Gains in One Day",Esha Dey,2024-10-25T16:47:29Z,(Bloomberg) -- Tesla Inc.’s blowout earnings caught everyone off guard.Most Read from BloombergRobotaxis Are No Friend of Public TransportationBooming...,https://finance.yahoo.com/news/tesla-stock-rally-steamrolls-shorts-164729141.html
What If the US Federal Government Was Run Like Tesla?,Brian Wang,2024-11-13T07:30:47Z,Elon Musk and Vivek Ramaswamy have been named to head a department of government efficiency. Elon Musk has said at least $2 trillions per year could be removed from the $6.5 trillion annual federal government budget. The US budget in 1998 was $1.65 trillion. …,https://www.nextbigfuture.com/2024/11/what-if-the-us-federal-government-was-run-like-tesla.html
President-elect Trump's relationship with Elon Musk raises ethics concerns,CBS News,2024-11-20T14:24:00Z,"Elon Musk and President-elect Donald Trump met in Texas Tuesday to watch as Musk's company SpaceX test launched its largest rocket. The two have had a close relationship throughout the election, but it spotlights potential conflicts of interest. Musk's compan…",https://www.cbsnews.com/video/president-elect-trumps-relationship-with-elon-musk-raises-ethics-concerns/
Waymo Hauls In $5.6 Billion To Boost Its Growing Robotaxi Business,"Alan Ohnsman, Forbes Staff, 
 Alan Ohnsman, Forbes Staff
 https://www.forbes.com/sites/alanohnsman/",2024-10-25T14:54:25Z,The latest round boosts Alphabet’s previous plan to invest up to $5 billion in the autonomous driving company that’s preparing to launch its ride service in new cities.,https://www.forbes.com/sites/alanohnsman/2024/10/25/waymo-hauls-in-56-billion-to-boost-its-growing-robotaxi-business/
"‘We got the EV credit’: Woman buys $44,000 Tesla. Viewers are torn when she reveals how",Rachel Joy Thomas,2024-10-31T11:41:16Z,"A dialogue sparked on TikTok about a woman’s extremely long car loan for the Tesla Model Y, a 2019 SUV in the company’s fleet. 


In a video with over 510,000 views, TikTok user @larubyacevedo told her audience how she financed a $44,000 Tesla car with a 3.99…",https://www.dailydot.com/news/tesla-model-y-7-year-loan-44000-dollars/
Links 11/16/2024,Yves Smith,2024-11-16T11:55:42Z,"Our salacious daily links: fisherman catches sub, ISS in trouble, net zero failing, EU rejects Russian LNG, UK economic wobbles, Poland threatening Kalingrad? moar Israel savagery, Musk thwarting Iran war plot? Trump nominations freakout, dangerous Teslas, cr…",https://www.nakedcapitalism.com/2024/11/links-11-16-2024.html
Meta Platforms (META) Faces New Rival as Rokid Unveils AI-Enhanced Smart Glasses,Usman Kabir,2024-11-16T19:52:18Z,"We recently published a list of 15 AI News Updates Taking Wall Street By Storm. In this article, we are going to take a look at where Meta Platforms, Inc...",https://finance.yahoo.com/news/meta-platforms-meta-faces-rival-195218647.html
Short Squeezes With Big Promises,Upwallstreet,2024-11-19T00:02:00Z,"Short squeezes have been making and breaking investors for a century. One of the greatest short squeezes in history started on a SubReddit, where hundreds of thousands of retail investors drove the price of GameStop (NYSE: GME) shares up to an all-time high.",https://www.benzinga.com/markets/penny-stocks/24/11/42050023/short-squeezes-with-big-promises
Tesla was told to temper robotaxi fervor months before US probe,Bloomberg News,2024-11-09T20:04:09Z,Tesla Inc. was admonished by a US agency over how the carmaker was promoting its driver-assistance technology on social media months before the regulator opened a defect investigation of the system.,https://www.bostonherald.com/2024/11/09/tesla-was-told-to-temper-robotaxi-fervor-months-before-us-probe/
"Tesla’s $350 billion stock surge driven by ‘animal spirits,’ UBS says","Craig Trudell, Bloomberg",2024-11-25T17:54:02Z,"Tesla Inc.’s post-election stock surge has more to do with market exuberance than actual improvement in the fundamentals of its business, UBS Group AG analysts cautioned in a report.",https://fortune.com/2024/11/25/elon-musk-tesla-stock-surge-market-ubs-shares-fall/
Can A Tonneau Cover On A Pickup Truck Improve Fuel Economy?,"Michael Harley, Contributor, 
 Michael Harley, Contributor
 https://www.forbes.com/sites/michaelharley/",2024-10-29T06:27:15Z,"Before the tonneau cover, my city fuel economy was 9 mpg and I averaged 11 mpg on the highway. With the tonneau, my highway fuel economy increased by about 10 percent.",https://www.forbes.com/sites/michaelharley/2024/10/29/can-a-tonneau-cover-on-a-pickup-truck-improve-fuel-economy/
Trump team is seeking to ease US Rules for self-driving cars,Tribune News Service,2024-11-18T18:01:12Z,"Current federal rules pose significant roadblocks for companies looking to launch vehicles without steering wheels or pedals in large quantities, which Tesla intends to do.",https://www.bostonherald.com/2024/11/18/rules-self-driving-cars/
Elon Musk weighing in on Trump staffing decisions: Sources (ABC News),,2024-11-11T18:20:00Z,"ABC News:
Elon Musk weighing in on Trump staffing decisions: Sources  —  Musk has been with Trump nearly every day since the election, sources say.  —  Elon Musk, chief executive officer of Tesla Inc., left, and Donald Trump, prior to a campaign event at the …",https://www.memeorandum.com/241111/p42
Jim Cramer Doubles Down On Nvidia: 'Demand Is Accelerating' As AI Customers 'Have No Choice' But To Buy Its Chips,Kaustubh Bagalkote,2024-11-23T13:00:39Z,"NVIDIA Corp. (NASDAQ:NVDA) continues to dominate the artificial intelligence landscape, with CNBC’s Jim Cramer and Wall Street analysts reinforcing their...",https://finance.yahoo.com/news/jim-cramer-doubles-down-nvidia-130039306.html
"Waymo Closes $5.6 Billion Funding Round From Alphabet, Others",Ed Ludlow and Curtis Heinzl,2024-10-25T16:08:19Z,"(Bloomberg) -- Waymo, Alphabet Inc.’s autonomous driving unit, raised $5.6 billion from investors, its largest-ever funding round.Most Read from...",https://finance.yahoo.com/news/waymo-closes-5-6-billion-160819745.html
Stocks Look To Break Losing Streak; Nvidia Earnings This Week,"JJ Kinahan, Senior Contributor, 
 JJ Kinahan, Senior Contributor
 https://www.forbes.com/sites/jjkinahan/",2024-11-18T13:30:32Z,"One of the reasons for last week's pullback could be something I've been discussing, which is interest rates, and the long end of the curve, specifically.",https://www.forbes.com/sites/jjkinahan/2024/11/18/stocks-look-to-break-losing-streak-nvidia-earnings-this-week/
Nvidia Stock May Rise As Musk Aims To Buy $9 Billion In AI Chips,"Peter Cohan, Senior Contributor, 
 Peter Cohan, Senior Contributor
 https://www.forbes.com/sites/petercohan/",2024-11-24T17:51:41Z,"If Nvidia significantly exceeds conservative growth targets with help from Blackwell, the stock could rise despite slowing revenue growth, and the absence of a killer app for generative AI",https://www.forbes.com/sites/petercohan/2024/11/24/nvidia-stock-may-rise-as-musk-aims-to-buy-9-billion-in-ai-chips/
"TikTok Hopes for Lifeline From President-Elect Trump, Who Once Favored Ban",Alexandra S. Levine,2024-11-08T14:00:24Z,"(Bloomberg) -- Some TikTok staff and creators, bracing for a potential ban of the popular video-sharing platform as soon as January, have come to see...",https://finance.yahoo.com/news/tiktok-hopes-lifeline-president-elect-140024561.html
MSTU’s Bitcoin Leverage Spikes 900% in Two Months,Jeff Benjamin,2024-11-20T22:24:40Z,The leveraged play on MicroStrategy attracts $3 billion since its September launch.,http://www.etf.com/sections/news/mstus-bitcoin-leverage-spikes-900-two-months?utm_source=yahoo-finance&amp;utm_medium=rss&amp;utm_campaign=yahoo-finance-rss
Hedge funds shorting Tesla just lost more than $5 billion,"Ishika Mookerjee, Bloomberg",2024-11-10T23:07:04Z,"Since the Nov. 5 election, Tesla shares have gained close to 30%, representing well over $200 billion in additional market value.",https://fortune.com/2024/11/10/tesla-stock-tsla-short-sellers-loss-5-billion-trump-election-elon-musk/
Trump Team Is Seeking to Ease US Rules for Self-Driving Cars,Admin,2024-11-19T15:59:50Z,"Members of President-elect Donald Trump’s transition team have told advisers they plan to make a federal framework for self-driving vehicles one of the Transportation Department’s priorities, according to people familiar with the matter. If new rules enable w…",https://www.insurancejournal.com/news/national/2024/11/19/801782.htm
Tesla shares roar back to trillion-dollar value on Trump’s win,"Esha Dey, Bloomberg",2024-11-09T15:57:15Z,"Shares closed up 8.2% at $321.22 Friday, taking their gains this year to 29%, and Tesla’s market value to about $1.03 trillion.",https://fortune.com/2024/11/09/tesla-stock-1-trillion-market-cap-elon-musk-donald-trump-election/
ALSET Auto’s expanding franchise business offers Tesla-like experience for EV protection and personalization,Sponsored Post,2024-11-02T17:04:44Z,"ALSET Auto doesn’t protect cars; it protects EVs. This year, the Tesla customization company expanded its services to include all EV owners and offers services such as tint, ceramic coatings, paint protection film (PPF), and colored wraps. As ALSET Auto’s bus…",http://electrek.co/2024/11/02/alset-auto-franchise-business-tesla-experience-custom-ev-wraps-paint-protection/
Short Squeezes With Big Promises,Upwallstreet,2024-11-18T22:02:00Z,"Short squeezes have been making and breaking investors for a century. One of the greatest short squeezes in history started on a SubReddit, where hundreds of...",https://finance.yahoo.com/news/short-squeezes-big-promises-220200506.html
"In NCLA Amicus Win, Fifth Circuit Vacates Order for Elon Musk to Delete X Post About Labor",New Civil Liberties Alliance,2024-10-28T23:23:00Z,"Tesla, Inc. v. National Labor Relations Board Tesla, Inc. v. National Labor Relations Board",https://www.globenewswire.com/news-release/2024/10/28/2970424/0/en/In-NCLA-Amicus-Win-Fifth-Circuit-Vacates-Order-for-Elon-Musk-to-Delete-X-Post-About-Labor.html
Kamala Harris Has More Billionaires Prominently Backing Her Than Trump—Bloomberg Reportedly Gives Another $50 Million To Help Harris (Updated),"Derek Saul, Forbes Staff, 
 Derek Saul, Forbes Staff
 https://www.forbes.com/sites/dereksaul/",2024-10-28T16:46:13Z,Michael Bloomberg's reported commitment to Democrats is up to almost $100 million this cycle.,https://www.forbes.com/sites/dereksaul/2024/10/28/kamala-harris-has-more-billionaires-prominently-backing-her-than-trump-bloomberg-reportedly-gives-another-50-million-to-help-harris-updated/
"Waymo closes $5.6 billion funding round from Alphabet, others","Curtis Heinzl, Edward Ludlow, Bloomberg",2024-10-25T17:21:02Z,"Waymo, Alphabet Inc.’s autonomous driving unit, raised $5.6 billion from investors, its largest-ever funding round.",https://fortune.com/2024/10/25/waymo-evs-raises-56-billion-largest-ever-funding-round/
Trump team is seeking to ease US rules for self-driving cars,"David Welch, Allyson Versprille, Bloomberg",2024-11-17T23:12:06Z,"If new rules enable cars without human controls, that would directly benefit Elon Musk, Tesla's CEO and a Trump mega-donor.",https://fortune.com/2024/11/17/trump-self-driving-cars-rules-tesla-robotaxi-elon-musk-cybercab-ai-nhtsa/
CData は『Japan Tableau User Group 2024 総会』にスポンサー出展します,,2024-11-19T01:18:39Z,"[CData]
[画像1: https://prcdn.freetls.fastly.net/release_image/17545/260/17545-260-fba5103be3a3440afa1817a1d78c5c53-1200x675.png?width=536&quality=85%2C75&format=jpeg&auto=webp&fit=bounds&a...",https://prtimes.jp/main/html/rd/p/000000260.000017545.html
Another US Listed Firm Adopts Bitcoin As Treasury Asset,Jake Simmons,2024-11-16T17:00:27Z,"Solidion Technology, Inc. (NASDAQ: STI), a leading provider of advanced battery materials, has announced a significant strategic allocation of Bitcoin within its corporate treasury. This move positions Solidion alongside other prominent US companies such as M…",https://bitcoinist.com/us-listed-firm-adopts-bitcoin-treasury-asset/
"Eagle Asset Management Inc. Raises Position in Tesla, Inc. (NASDAQ:TSLA)",MarketBeat News,2024-11-25T12:02:42Z,"Eagle Asset Management Inc. lifted its stake in shares of Tesla, Inc. (NASDAQ:TSLA – Free Report) by 21.6% during the third quarter, according to its most recent disclosure with the Securities and Exchange Commission. The firm owned 31,232 shares of the elect…",https://www.etfdailynews.com/2024/11/25/eagle-asset-management-inc-raises-position-in-tesla-inc-nasdaqtsla/
QUALCOMM Incorporated (QCOM) Highlights 5G’s Role in AI Advancements,Usman Kabir,2024-11-17T19:27:28Z,"We recently published a list of 15 AI News Updates Taking Wall Street By Storm. In this article, we are going to take a look at where QUALCOMM Incorporated (...",https://finance.yahoo.com/news/qualcomm-incorporated-qcom-highlights-5g-192728096.html
Jim Cramer Calls Trump's Return To White House A 'Huge Win For The Stock Market',Pooja Rajkumari,2024-11-07T18:10:39Z,"In the wake of the recent U.S. presidential election, Jim Cramer has connected the surge in the stock market to the election of President-elect Donald Trump ...",https://finance.yahoo.com/news/jim-cramer-calls-trumps-return-181039930.html
"YHB Investment Advisors Inc. Increases Stake in Tesla, Inc. (NASDAQ:TSLA)",MarketBeat News,2024-10-25T19:04:50Z,"YHB Investment Advisors Inc. raised its holdings in Tesla, Inc. (NASDAQ:TSLA – Free Report) by 16.7% in the 3rd quarter, HoldingsChannel.com reports. The institutional investor owned 2,613 shares of the electric vehicle producer’s stock after acquiring an add…",https://www.etfdailynews.com/2024/10/25/yhb-investment-advisors-inc-increases-stake-in-tesla-inc-nasdaqtsla/
"Cathie Wood Bets Big On Mark Zuckerberg: Ark Pours $19M Into Meta Shares, Dumps Palantir And Tesla Stock",aol.com,2024-11-01T08:54:34Z,"On Thursday, the Cathie Wood-led Ark Invest made significant moves in the market, with prominent trades involving Tesla Inc. (NASDAQ:TSLA), Meta Platforms Inc. (NASDAQ:META), Palantir Technologies Inc. (NYSE:PLTR) and Block Inc (NYSE:SQ).
The Tesla Trade: Ark…",https://biztoc.com/x/13c43347e34d6034
Musk ducks sanction for choosing rocket launch over SEC meeting,"Malathi Nayak, Bloomberg",2024-11-23T16:20:13Z,"The SpaceX CEO already agreed to reimburse the SEC $2,923 to cover airfare for the trio of agency lawyers he stood up in Los Angeles in September.",https://fortune.com/2024/11/23/musk-sec-sanction-spacex-rocket-launch-twitter-acquisition-investigation/
"Hennion & Walsh Asset Management Inc. Acquires 1,059 Shares of Tesla, Inc. (NASDAQ:TSLA)",MarketBeat News,2024-10-28T16:14:44Z,"Hennion & Walsh Asset Management Inc. grew its stake in shares of Tesla, Inc. (NASDAQ:TSLA – Free Report) by 34.1% in the third quarter, HoldingsChannel.com reports. The firm owned 4,166 shares of the electric vehicle producer’s stock after purchasing an addi…",https://www.etfdailynews.com/2024/10/28/hennion-walsh-asset-management-inc-acquires-1059-shares-of-tesla-inc-nasdaqtsla/
Tesla’s Market Cap Is 23 Times Ford’s,247wallst.com,2024-11-11T12:05:03Z,"24/7 Wall St. Insights
Tesla Inc. (NASDAQ: TSLA) shares are up handily this year while Ford Motor Co. (NYSE: F) stock is in retreat.
Now Tesla’s market cap is 23 times that of Ford.
Also: Dividend legends to hold forever.
Tesla Inc. (NASDAQ: TSLA) shares surg…",https://biztoc.com/x/fd6870b07fbee931
"As Tesla Stock Surges, Lucid Falls",247wallst.com,2024-11-08T12:49:49Z,"24/7 Wall St. Insights
Tesla Inc. (NASDAQ: TSLA) stock saw a post-election surge, but shares of smaller rival Lucid Group Inc. (NASDAQ: LCID) retreated.
Investors seem to think Lucid will be more of a victim if tax credits for EV buyers are eliminated.
Also: …",https://biztoc.com/x/3051ff0d71315cf7
Canada ordered ByteDance to shut down TikTok operations in the country over security concerns,Pierluigi Paganini,2024-11-07T07:30:23Z,"Canada ordered ByteDance to shut down TikTok operations over security concerns but did not issue a full ban on the platform. The Canadian government ordered ByteDance to wind up TikTok Technology Canada, Inc. over security concerns following a national securi…",https://securityaffairs.com/170653/security/canada-ordered-bytedance-to-shut-down-tiktok-operations.html
"Tesla, Eli Lilly lead market cap stock movers on Monday",Investing.com,2024-11-18T15:32:00Z,"Tesla, Eli Lilly lead market cap stock movers on Monday",https://www.investing.com/news/stock-market-news/tesla-eli-lilly-lead-market-cap-stock-movers-on-monday-93CH-3728366
Tesla surges 15% premarket as Trump wins,breakingthenews.net,2024-11-06T11:27:30Z,"Tesla Inc. saw its shares skyrocket as much as 15% in the premarket trade on Wednesday, supported by Donald Trump winning a second term as United States president. Tesla CEO Elon Musk was one of Trump...",https://biztoc.com/x/2b7219b1bea97083
"GHP Investment Advisors Inc. Has $259,000 Holdings in Tesla, Inc. (NASDAQ:TSLA)",MarketBeat News,2024-10-28T11:42:53Z,"GHP Investment Advisors Inc. grew its position in Tesla, Inc. (NASDAQ:TSLA – Free Report) by 28.1% in the 3rd quarter, according to the company in its most recent Form 13F filing with the Securities and Exchange Commission (SEC). The firm owned 990 shares of …",https://www.etfdailynews.com/2024/10/28/ghp-investment-advisors-inc-has-259000-holdings-in-tesla-inc-nasdaqtsla/
"Friday's Top 5 Trending Stocks: What's The Scoop On GameStop, SoFi, Tesla?",benzinga.com,2024-11-08T23:44:32Z,"GameStop Corp. (NYSE:GME), SoFi Technologies, Inc. (NASDAQ:SOFI), Tesla, Inc. (NASDAQ:TSLA), Cassava Sciences, Inc. (NASDAQ:SAVA) and Anavex Life Sciences Corp. (NASDAQ:AVXL) are the top five trending tickers on Stocktwits Friday. Here’s a look at what grabbe…",https://biztoc.com/x/529c23f9d0d6013a
"Cathie Wood's ARK sells Tesla, buys more Archer Aviation stock",Investing.com,2024-10-30T00:01:52Z,"Cathie Wood's ARK sells Tesla, buys more Archer Aviation stock",https://www.investing.com/news/company-news/cathie-woods-ark-sells-tesla-buys-more-archer-aviation-stock-93CH-3689803
Musk is about to find out what $130 million for Trump gets him,Tribune News Service,2024-11-06T18:37:01Z,"Musk has much to gain financially from the incoming administration. He oversees an empire of six companies, several of which are highly entangled with the U.S. federal government.",https://www.bostonherald.com/2024/11/06/musk-gains-trump-support/
"Rep. Marjorie Taylor Greene Buys Tesla, Inc. (NASDAQ:TSLA) Stock",MarketBeat News,2024-11-06T08:07:04Z,"Representative Marjorie Taylor Greene (R-Georgia) recently bought shares of Tesla, Inc. (NASDAQ:TSLA). In a filing disclosed on November 04th, the Representative disclosed that they had bought between $1,001 and $15,000 in Tesla stock on November 1st. Represe…",https://www.etfdailynews.com/2024/11/06/rep-marjorie-taylor-greene-buys-tesla-inc-nasdaqtsla-stock/
"Rep. Josh Gottheimer Sells Off Shares of Tesla, Inc. (NASDAQ:TSLA)",MarketBeat News,2024-11-08T08:02:57Z,"Representative Josh Gottheimer (D-New Jersey) recently sold shares of Tesla, Inc. (NASDAQ:TSLA). In a filing disclosed on November 06th, the Representative disclosed that they had sold between $1,001 and $15,000 in Tesla stock on October 14th. The trade occur…",https://www.etfdailynews.com/2024/11/08/rep-josh-gottheimer-sells-off-shares-of-tesla-inc-nasdaqtsla/
Waymo secures $5.6 billion in new funding before expanding robotaxis to new cities in 2025,Scooter Doll,2024-10-25T14:58:30Z,"Robotaxi developer Waymo has closed an oversubscribed Series C funding round totaling $5.6 billion. Alongside an expanded partnership with Uber, the funds will help the rideshare company expand its Waymo-One robotaxi service throughout current and additional …",http://electrek.co/2024/10/25/waymo-secures-5-6-billion-funding-expanding-robotaxis-new-cities-2025/
"Tesla, Inc. (NASDAQ:TSLA) Holdings Cut by Old Port Advisors",MarketBeat News,2024-10-30T11:59:25Z,"Old Port Advisors reduced its stake in shares of Tesla, Inc. (NASDAQ:TSLA – Free Report) by 29.8% during the 3rd quarter, HoldingsChannel reports. The fund owned 836 shares of the electric vehicle producer’s stock after selling 355 shares during the period. O…",https://www.etfdailynews.com/2024/10/30/tesla-inc-nasdaqtsla-holdings-cut-by-old-port-advisors/
"Sen. Sheldon Whitehouse Sells Off Shares of Tesla, Inc. (NASDAQ:TSLA)",MarketBeat News,2024-11-09T08:46:56Z,"Senator Sheldon Whitehouse (D-Rhode Island) recently sold shares of Tesla, Inc. (NASDAQ:TSLA). In a filing disclosed on November 07th, the Senator disclosed that they had sold between $100,001 and $250,000 in Tesla stock on October 28th. Senator Sheldon White…",https://www.etfdailynews.com/2024/11/09/sen-sheldon-whitehouse-sells-off-shares-of-tesla-inc-nasdaqtsla/
"Sen. Sheldon Whitehouse Sells Tesla, Inc. (NASDAQ:TSLA) Stock",MarketBeat News,2024-11-10T08:04:54Z,"Senator Sheldon Whitehouse (D-Rhode Island) recently sold shares of Tesla, Inc. (NASDAQ:TSLA). In a filing disclosed on November 07th, the Senator disclosed that they had sold between $15,001 and $50,000 in Tesla stock on October 28th. Senator Sheldon Whiteho…",https://www.etfdailynews.com/2024/11/10/sen-sheldon-whitehouse-sells-tesla-inc-nasdaqtsla-stock/
"Sen. Sheldon Whitehouse Sells Off Shares of Tesla, Inc. (NASDAQ:TSLA)",MarketBeat News,2024-11-10T08:04:49Z,"Senator Sheldon Whitehouse (D-Rhode Island) recently sold shares of Tesla, Inc. (NASDAQ:TSLA). In a filing disclosed on November 07th, the Senator disclosed that they had sold between $15,001 and $50,000 in Tesla stock on October 11th. Senator Sheldon Whiteho…",https://www.etfdailynews.com/2024/11/10/sen-sheldon-whitehouse-sells-off-shares-of-tesla-inc-nasdaqtsla-2/
Tesla (NASDAQ:TSLA) Stock Acquired Rep. Morgan McGarvey,MarketBeat News,2024-11-16T10:24:53Z,"Representative Morgan McGarvey (D-Kentucky) recently bought shares of Tesla, Inc. (NASDAQ:TSLA). In a filing disclosed on November 13th, the Representative disclosed that they had bought between $1,001 and $15,000 in Tesla stock on October 25th. The trade occ…",https://www.etfdailynews.com/2024/11/16/tesla-nasdaqtsla-stock-acquired-rep-morgan-mcgarvey/
Elon Musk is $70 billion richer since Trump victory due to Tesla stock surge,nbcnews.com,2024-11-12T00:04:00Z,"Elon Musk, chief executive officer of Tesla Inc., during a campaign event for Donald Trump at Madison Square Garden in N.Y., on Oct. 27, 2024.",https://biztoc.com/x/2ca14a7b007337cd
"Cathie Wood's ARK bolsters Amazon and Meta stock, trims Tesla",Investing.com,2024-10-29T00:01:53Z,"Cathie Wood's ARK bolsters Amazon and Meta stock, trims Tesla",https://www.investing.com/news/company-news/cathie-woods-ark-bolsters-amazon-and-meta-stock-trims-tesla-93CH-3687087
Trump taps billionaire Musk to overhaul government,Reuters,2024-11-13T09:45:00Z,"<p>US President-elect Donald Trump has named Elon Musk to a role aimed at creating a more efficient government, handing even more influence to the world&rsquo;s richest man who donated millions of dollars to helping Trump get elected.</p>",https://www.bangkokpost.com/world/2901561/trump-taps-billionaire-musk-to-overhaul-government
"Trump win: Can India Inc hope for new US opportunities, as much as Musk would fancy his chances for India entry?",Team BL,2024-11-07T09:55:42Z,"Trump’s stance on tariffs and potential trade barriers also raises concerns, as he might consider broader tariffs to protect American industries",https://www.thehindubusinessline.com/companies/trump-win-can-india-inc-hope-for-new-us-opportunities-as-much-as-musk-would-fancy-his-chances-for-india-entry/article68840448.ece
"Cromwell Holdings LLC Purchases 2,483 Shares of Tesla, Inc. (NASDAQ:TSLA)",marketbeat.com,2024-10-26T11:46:07Z,"Cromwell Holdings LLC raised its holdings in shares of Tesla, Inc. (NASDAQ:TSLA - Free Report) by 50.8% in the third quarter, according to its most recent 13F filing with the Securities and Exchange Commission. The institutional investor owned 7,368 shares of…",https://biztoc.com/x/79077bf124315ddb
"abrdn plc Acquires 244,648 Shares of Tesla, Inc. (NASDAQ:TSLA)",marketbeat.com,2024-10-29T12:18:13Z,"abrdn plc raised its holdings in Tesla, Inc. (NASDAQ:TSLA - Free Report) by 9.5% in the 3rd quarter, according to the company in its most recent 13F filing with the SEC. The fund owned 2,828,248 shares of the electric vehicle producer's stock after purchasing…",https://biztoc.com/x/d04662ad66f9aa9d
"Tesla, Inc. (NASDAQ:TSLA) Shares Sold by Vanguard Capital Wealth Advisors",marketbeat.com,2024-10-30T11:24:43Z,"Vanguard Capital Wealth Advisors decreased its holdings in Tesla, Inc. (NASDAQ:TSLA - Free Report) by 79.0% in the 3rd quarter, according to the company in its most recent Form 13F filing with the Securities & Exchange Commission. The institutional investor o…",https://biztoc.com/x/08da6e6de65377a4
"Vaibhav Taneja Sells 4,000 Shares of Tesla, Inc. (NASDAQ:TSLA) Stock",marketbeat.com,2024-10-29T01:17:40Z,"Tesla, Inc. (NASDAQ:TSLA - Get Free Report) CFO Vaibhav Taneja sold 4,000 shares of the firm's stock in a transaction that occurred on Thursday, October 24th. The stock was sold at an average price of $250.00, for a total value of $1,000,000.00. Following the…",https://biztoc.com/x/fb4ddd0083553630
"Tesla, Inc. (NASDAQ:TSLA) Receives Consensus Recommendation of ""Hold"" from Analysts",marketbeat.com,2024-10-30T09:04:06Z,"Shares of Tesla, Inc. (NASDAQ:TSLA - Get Free Report) have received an average recommendation of ""Hold"" from the thirty-eight analysts that are currently covering the stock, Marketbeat reports. Eight equities research analysts have rated the stock with a sell…",https://biztoc.com/x/666ac5ccf73084a8
"Tesla, Inc. (NASDAQ:TSLA) Shares Acquired by Bristlecone Advisors LLC",marketbeat.com,2024-10-27T11:53:13Z,"Bristlecone Advisors LLC raised its position in shares of Tesla, Inc. (NASDAQ:TSLA - Free Report) by 111.1% in the third quarter, according to its most recent 13F filing with the Securities & Exchange Commission. The firm owned 26,856 shares of the electric v…",https://biztoc.com/x/f65ee1ba91198234
"Tesla, Inc. (NASDAQ:TSLA) Receives $219.45 Consensus Target Price from Analysts",MarketBeat News,2024-11-04T08:50:49Z,"Tesla, Inc. (NASDAQ:TSLA – Get Free Report) has been given an average recommendation of “Hold” by the thirty-eight analysts that are currently covering the stock, Marketbeat Ratings reports. Eight equities research analysts have rated the stock with a sell re…",https://www.etfdailynews.com/2024/11/04/tesla-inc-nasdaqtsla-receives-219-45-consensus-target-price-from-analysts/
"Tesla, Inc. (NASDAQ:TSLA) Director Sells $15,138,915.00 in Stock",MarketBeat News,2024-11-08T09:42:50Z,"Tesla, Inc. (NASDAQ:TSLA – Get Free Report) Director Kimbal Musk sold 60,500 shares of the business’s stock in a transaction on Friday, November 1st. The stock was sold at an average price of $250.23, for a total value of $15,138,915.00. Following the sale, t…",https://www.etfdailynews.com/2024/11/08/tesla-inc-nasdaqtsla-director-sells-15138915-00-in-stock/
Tesla and Alibaba lead afternoon market cap stock movers on Friday,Investing.com,2024-11-08T19:44:41Z,Tesla and Alibaba lead afternoon market cap stock movers on Friday,https://www.investing.com/news/stock-market-news/tesla-and-alibaba-lead-afternoon-market-cap-stock-movers-on-friday-93CH-3712729
Tesla and AMD Lead as Market Cap Stock Movers on Monday,Investing.com,2024-11-18T19:02:19Z,Tesla and AMD Lead as Market Cap Stock Movers on Monday,https://www.investing.com/news/stock-market-news/tesla-and-amd-lead-as-market-cap-stock-movers-on-monday-93CH-3728699
Tesla (NASDAQ:TSLA) Shares Gap Up Following Analyst Upgrade,MarketBeat News,2024-11-13T06:19:12Z,"Tesla, Inc. (NASDAQ:TSLA – Get Free Report)’s share price gapped up before the market opened on Monday after Wedbush raised their price target on the stock from $300.00 to $400.00. The stock had previously closed at $321.22, but opened at $346.30. Wedbush cur…",https://www.etfdailynews.com/2024/11/13/tesla-nasdaqtsla-shares-gap-up-following-analyst-upgrade/
